varhadi_0001.wav|नमस्ते! तुम्छा स्वागत है! जे मी तुम्हाले गोष्ट सांगनार है, ते तुम्छा जीवनाच्या ले महत्वाच्या गोष्टी रहेज. है सुवार्था है सर्वलोकां साथी, चित्राच्या पुस्तका मदे पहा, आण जे सुवार्था मी तुमाल सांगन ते कान दिव नाईका जेवा तुमी या हावाजाले आईकान जसा की ब्रीत आनी ब्रीत गान तबा वेड हुईन दुसरे चित्राले पाईची तुमी कैशेटले कदी पण ठामू शक्ता त्या गोश्टी चा इचार कराले जे तुमी अइकला
varhadi_0002.wav|चित्र एक सर्व्यात पहले वेड च्या अगोदर फक्तत परमेश्वर होतं मग परमेश्वर आन आकाष आल्लए आणि प्रुथविळले बनवल संशाराल्ले आकार न होता मनुद परमेश्वरान डबल पृत्विले बनवला और त्याना अश्या प्रकारे आदेश दिला की उजड हो त्याना सुर्य, चंद्र और सार्या चान्या बनवला परमेश्वर चांगला है और तो सार्या गोष्टी वर राज करतो
varhadi_0003.wav|पर्मेश्वर चे वचन जे फुस्तक अपन चित्रा मधे पाओच हक्तो ते बाइबल हाई ये पर्मेश्वर चे वचन हाई ये पर्मेश्वर चे विशय और त्याचा रस्ता चे विशय आमले सांगते पर्मेश्वर सारा लोकां वर प्रेम करतो जे काई पण मी तुमाले सांगन, ते बाइबल मनुद सांगन।
varhadi_0004.wav|चित्र 3 संसाराची रचना परमेश्वरान सारे संसाराले बनवला त्याना माठल असा होय और तसद जाल त्याना माठल मनुन त्याना आकाशाले बनवला और त्याना समुद्राले पण बनवला और तो बोलला और जमीन बनली
varhadi_0005.wav|चित्र चार: आदम आणि हवा  परमेश्वरानं संसाराचा सर्वात पहिला माणूस आणि बाई बनवली. त्यानं त्यानले आदम आणि हवा म्हणून आवास दिला. परमेश्वरानं त्यानले त्याच्या बनवलेल्या सार्‍या गोष्टीवर अधिकार दिला. परमेश्वरानं त्यांच्यासाठी एक खास बगीचा पण बनवला, त्याच्यामध्ये ते राहासाठी. तिथं परमेश्वर त्यांच्यासोबत बोलत होता आणि घुमत होता. ते लोकं परमेश्वराचे चांगले दोस्त होते. परमेश्वरानं त्यानले बगीच्याचे सर्व फळं खाण्याचा अधिकार दिला.
varhadi_0006.wav|फक्त एका फळाले सोडून, परमेश्वरानं त्या बगीच्याच्या सर्व फळं खाण्याचा अधिकार आदम आणि हवेले दिलं होतं. पण एक दुश्मन, ज्याचं नाव शैतान होतं, आदम आणि हवेले मनवलं की ते दोघंजणं परमेश्वराचं पालन करू नका. अन त्यानं त्या फळाले खाल्लं. त्यानं परमेश्वराविरुद्ध पाप केलं, अन परमेश्वरासोबत जे दोस्ती होती, ते तोडून टाकली. परमेश्वरानं आदम आणि हवेले त्या सुंदर बगीचेतून काढून टाकलं. त्या वेळेपासून लोकानं परमेश्वराविरुद्ध पाप करणं सुरू केलं अन त्याच्यापासून अलग झाले. ह्याच कारणामुळे आपण दुःख, बिमारी आणि मरणाचा अनुभव घेऊ शकतो.
varhadi_0007.wav|चित्र पाच: काइन अन हाबेल आदम आणि हवेचे दोन पोरं होते. त्यांचं नाव काइन आणि हाबेल होतं. परमेश्वर हाबेलसोबत खुश होता, पण काइनसोबत नाही. ह्या गोष्टीमुळे काइन हाबेलावर जळत होता. अन एक दिवशी, हाबेलाले त्यानं मारून टाकलं. परमेश्वरानं काइनाले खूप भयानक सजा दिली, कारण की त्यानं त्याच्या भावाले जीवानं मारून टाकलं होतं. जेव्हा कधी कोणी पाप करते, देवाले त्यांच्यावर लय राग येते. परमेश्वर साऱ्या लोकांवर एक जवळचं नातं बनवू इच्छितो, पण पाप त्यानले पूर्णपणे परमेश्वरापासून दूर करते.
varhadi_0008.wav|चित्र सहा: नोहाचं जहाज खूप वर्ष होऊन गेले अन आदम अन हवेचे खूप सारे लेकरं होऊन गेले. त्या सर्व लोकानं पाप केलं अन परमेश्वराचं नाही ऐकलं. जेव्हा लोकांचं पाप लय वाढलं, तेव्हा परमेश्वरानं असं ठरवलं की तो साऱ्या संसाराले एका मोठ्या पाण्याच्या पुरानं नाश करन.  तिथं फक्त एक माणूस होता जो परमेश्वरावर प्रेम करत होता अन तो जे मनन ते करत होता.
varhadi_0009.wav|त्या माणसाचं नाव होतं नोहा. परमेश्वरानं नोहाले म्हटलं की एका मोठ्या जहाजाले बनव, काऊन की तू येणाऱ्या मोठ्या पुरापासून वाचावं. नोहाले ते जहाज बनवायले खूप वेळ लागला. शेवटी त्या जहाजाले नोहानं बनवलं, तवा त्यानं लोकाले सावध केलं की परमेश्वराचा न्याय एक मोठ्या पुराच्या रूपात तुमच्यावर येणार हाय. परंतु कोणाही माणसानं नोहाच्या गोष्टीवर विश्वास ठेवला नाही, अन ते लोकं आपल्या वाईट कामाले सोडायला तयार नव्हते.
varhadi_0010.wav|चित्र सात: मोठा पूर परमेश्वरानं साऱ्या प्रकारच्या जनावराले नोहाजवळ घेऊन आला. अन नोहानं त्यानले जहाजात चढवलं. नंतर, नोहा अन त्याची बायको, अन त्याचे तीन पोरं अन त्याच्या बायका त्या जहाजावर चढले. फक्त त्या जहाजात आठ लोकं आणि जनावर होते.  परमेश्वरानं त्या जहाजाचा दरवाजा बंद केला. सात दिवसानंतर परमेश्वरानं मोठ्या पावसाले पाठवलं अन पाण्याले जमिनीच्या खालून घेऊन आला.
varhadi_0011.wav|चाळीस दिवसात परमेश्वरानं साऱ्या जमिनीले पाण्याच्या पुरानं भरून टाकलं. जो कोणी बी त्या जहाजाच्या बाहेर होतं, त्यानले स्वतःचं जीव वाचवण्याची वेळ निघून गेली होती. अन सर्व लोकं डुबून गेले. फक्त नोहा अन त्याचा परिवार वाचला, काऊन की त्यानं परमेश्वरानं जे सांगतलं, ते ऐकलं.
varhadi_0012.wav|चित्र आठ: अब्राहम, सारा आणि इसाक खूप वर्षानंतर नोहाच्या संतानाच्या खूप साऱ्या पिढ्या बनल्या. अन त्याच पिढीमध्ये अब्राहम पण होता. तो परमेश्वरावर प्रेम करणारा अन परमेश्वर जे मनन ते करणारा होता. परमेश्वरानं अब्राहमले एक वचन दिलं की तो त्याले एक लेकरू दीन अन तो त्याचं एक लय मोठं समाज बनवन.  अब्राहम आणि सारेले कोणतंच लेकरू नव्हतं, पण परमेश्वरानं त्याले एक वचन दिलं होतं, "मी तुमाले एक लेकरू दीन."
varhadi_0013.wav|दुसऱ्या बायकापासून पण अब्राहम आले लेकरं झाले. त्या लेकरातून एक होता इस्माईल, अन तो अरबी समाजाचा बाप बनला.  पण जेव्हा अब्राहम आणि सारा म्हातारे झाले, अन परमेश्वरानं आपल्या वचनांनुसार त्याले पोरगा दिला. त्याचं नाव त्यानं इसाक ठेवलं. परमेश्वरानं त्याले अशा प्रकारचं वचन दिलं की इसाक अन त्याच्या वंशाच्या द्वारे की ते या साऱ्या संसाराच्या लोकाले आशीर्वाद देईन.
varhadi_0014.wav|चित्र नऊ: मोशे आणि परमेश्वराचे नियम इसाकाचं वंश पण एक मोठा समाज बनला, त्याचं नाव इस्राईल होतं. अन मोशे पण इसाकाच्या पिढीचा एक माणूस होता. अन तो परमेश्वरावर विश्वास करत होता अन परमेश्वर जे सांगन ते पण करत होता.  परमेश्वरानं मोशेले पहाडावर बोलावलं, काऊन की त्याच्यासोबत बोलासाठी. त्यानं मोशेले दहा आज्ञा दिल्या, जे त्याले इस्राईलच्या लोकाले शिकवाचं होतं. मोशे त्या पहाडाच्या खाली उतरला, त्या गोट्यासोबत ज्यावर दहा आज्ञा कोरल्या होत्या. परमेश्वराची ही इच्छा हाय की सर्व लोकानं त्याच्या आज्ञेचं पालन करावं.
varhadi_0015.wav|भाग एक. परमेश्वराचे गुण. नमस्ते. काय तुम्ही देवाविषयी ऐकलं? ज्यानं सारं संसाराले बनवलं. त्यानं आकाश, जमीन आणि समुंदर आणि त्यामध्ये राहणारे हरेक जीवजंतू त्यानं बनवले. फक्त बोलून सन्या. परमेश्वराने म्हटलं उजेड होय आणि उजेड झाला. आणि त्यांनी म्हटलं जमीन आणि आकाश होय आणि ते झाली. परमेश्वर संसाराले बनवणारा होय.
varhadi_0016.wav|त्यानं ह्या संसारात दिसणारी प्रत्येक वस्तू बनवली आणि हरेक वस्तू त्याचीच आहे. कारण की त्यानं त्याले बनवलं. त्यानं पर्वत आणि झाडाले बनवलं, जनावरले आणि पक्षायले, पाण्याले आणि मासईले. त्यानं आकाशले आणि ढगाले बनवलं. चंद्र आणि तारेबी त्यानंच बनवलं. सगळं काही त्यानंच तर बनवलं आहे. परमेश्वर जो संसाराला बनवणारा आहे तो पुराच्या पुरा चांगला आहे. तो कधीच वाईट कामं करत नाही.
varhadi_0017.wav|त्याच्यामध्ये काहीच वाईट पण नाही. तो वाईटाचा राग करतो. कोणी बी परमेश्वराला नाही बनवलं. त्याची कोणतीच सुरुवात नाही. तो पहिले पासून तिथेच होता. त्याचे कोणी मायबाप नाही. परमेश्वराचा जन्म नाही झालं आणि तो कधीच मरणार नाही. तो कधी झोपत नाही. तो कधी म्हातारा होत नाही. परमेश्वर जो संसाराचा बनवणारा आहे, तो कधीच बदलणार नाही. तो हमेशा चांगलाच राहीन. तो हमेशा आटोक्यातच राहीन.
varhadi_0018.wav|कधी कधी कोणी माणसं काही गोटे आणि काड्या घेऊन एक मूर्ती बनवते जे माणसाच्या, पक्षाच्या व जानवराच्या रूपात होते. मग त्या मूर्तीले आपले परमेश्वर म्हणून मानतेत आणि ते लोकं त्या मूर्तीच्या पाया पडतात आणि त्या मूर्तीसाठी बली देतात. काय गोट्याले आणि काड्यांले ऐकू येते काय? काय ते बोलते आणि चलते? काय ते तुमच्या संकटात जवळ राहते? नाही. हे सगळे काम नाही करू शकत.
varhadi_0019.wav|कितीतरी वेळा शैतान माणसाले असा विचार करायले भाग पाडते की एक गोट्याचा तुकडा आणि काडी परमेश्वर आहे. असं करून ते माणसाले धोका देते. ऐका संसाराले बनवणारा परमेश्वर जिवंत आहे. तो पायते, ऐकते आणि बोलते बी. त्याले जिथं कुठे जायचं आहे तिथे जाते. त्याले कोणाची गरज नाही. संसाराले बनवणारा परमेश्वर महान आहे. त्यानं सर्वाइले बनवलं.
varhadi_0020.wav|त्याने आम्हाले म्हटलं मीच परमेश्वर हाय, माझ्याशिवाय कोणी नाही. परमेश्वर जो संसाराले बनवणारा आहे तो महान आहे. तो एकाच वेळेत कुठे पण राहू शकते. तो सर्वसामर्थी आणि सर्वशक्तिशाली आहे. हे सर्व संसार आणि आकाश त्यानंच तर बनवलं. त्यानं सर्व बनवलं. त्यानं सूर्याले बनवलं जो भलता गरम आहे. त्यानं पाण्याले बनवलं जो खोल आहे आणि थंड आहे. जर तो त्याले काही करायले मनन तर त्याले कराच लागेल.
varhadi_0021.wav|त्यानं वादळ आले आणि वाऱ्याले बनवलं आणि तो त्याले थांबू बी शकते. परमेश्वर ज्वालामुखी आणि भूकंपापेक्षाही ताकतवर आहे कारण त्यानंच त्याले बनवलं. त्यानंच चांदण्याले बनवलं आणि सगळ्या चांदण्याले तो जाणतो. परमेश्वर ह्या संसाराच्या मोठ्या मोठ्या प्रधानाच्या जातीपेक्षाही महान आहे. तो म्हणतो की हे सगळे लयच लहान आहे. हे हवेच्या धुरासारखे हाय. एवढा महान आपला परमेश्वर हाय. तो सर्व संसाराचा मोठा प्रधान आहे.
varhadi_0022.wav|कारण की त्यानंच ह्या संसाराले बनवलं आणि हे संसार सगळा त्याचाच आहे. परमेश्वर सगळं पायतो आणि तो रात्रीच्या अंधारात ही पाहू शकतो. तो सर्व जनावरले त्यांच्या गुफ्यामध्ये पाहू शकतो, उंदराले त्या बिळात पाहू शकतो, आणि मच्छायले खोल पाण्यात पाहू शकतो. तो पहाडाच्या टोकालेही पाहू शकते आणि त्या भुयाराले पाहू शकते जे जमिनीच्या अंदर आहे. परमेश्वर सर्व काही ऐकते.
varhadi_0023.wav|तो सापाचं येणं पण ऐकू शकतो. तो मुंग्याले घर बनवताना बी ऐकू शकतो. तो माणसाच्या मनातलं पण ऐकते. कोणीच परमेश्वरापासून लपू शकत नाही कारण त्याले मालूम आहे की तुम्ही कुठं चालले आहे. परमेश्वर सर्वच जाणतो. ह्या संसाराचे सर्व विद्वानहुनी तो विद्वान आहे. त्याले कोणतं ओझं आणि दुष्टात्मा आणि शैतान धोका आणि पागल नाही बनवू शकत. परमेश्वर काही गलती करत नाही. तो सर्वच जाणतो.
varhadi_0024.wav|तो तुमच्या बऱ्यात सर्वच जाणतो. त्याले माहीत आहे तुम्ही कधी निराश होता आणि तुम्हाले कधी भेव लागते. त्याले तुमच्या मनातले विचार पण माहीत आहे. परमेश्वर प्रेम करणारा हाय. तो सर्व माणसले, माणसाले आणि बाईले, जवान माणसयले, म्हाताऱ्यायले आणि लहान लेकरायले आणि लहान लेकरांसोबत पण तो प्रेम करतो. त्याले सर्व लोकायले हे दाखवायचं आहे की तो प्रेमी परमेश्वर हाय आणि हे की तो पुराच्या पुरा चांगला आहे.
varhadi_0025.wav|त्याले तुमच्यापासून हे पाहिजे की तुम्ही माहीत करून घ्या काऊन की त्याले खराब कामाचा आणि पापाचा खूप राग आहे. तो तुमच्याकडून हे पाहतो की तुम्ही पण त्याच्यावर प्रेम करा आणि आपल्या खराब कामाला सोडून त्याच्या मागे चला. त्याले हे पाहिजे की तुम्ही तुमच्या मूर्ती पूजेपासून आणि देव देवतेच्या आराधनेपासून तुम्ही दूर व्हा. आणि फक्त आणि फक्त खऱ्याच देवाची आराधना करा. जो खरा परमेश्वर आहे. त्यानं ह्या सर्व संसाराले बनवलं. त्याने सर्वच बनवलं.
varhadi_0026.wav|परमेश्वरनं ह्या पृथ्वीले तयार केल्यानंतर त्याने ह्या जगातला पहिला माणूस आणि बाई बनवली. ते चांगले होते आणि परमेश्वर त्याच्यावर प्रेम करत होता. परमेश्वराने त्यांच्यासाठी बगीचा बनवला आणि त्यांच्यात ते राहील आणि झाडं बनवतील ज्याचे फळं खाऊन ते जिवंत राहीन. ज्या माणसाले त्यानं बनवलं होतं त्याचं नाव होतं आदम आणि बाईचं नाव होतं हवा. परमेश्वर त्यांच्यावर प्रेम करत होता आणि ते पण परमेश्वरावर प्रेम करत होते.
varhadi_0027.wav|त्यानं त्या दोघांले शिकवलं की कसं बगीच्यात राहायचं आणि काय करायले पाहिजे आणि ते खूप खुश होते कारण की त्यानं जे परमेश्वरानं म्हटलं तेच केलं. अजून तुम्हाले या परमेश्वराची माहिती पाहिजे जो तुमच्यावर प्रेम करतो? काय तुम्हाले त्याचं बनाचं हाय? तर ऐका आणि तुम्हाले मी आणखीन गोष्ट सांगेन.
varhadi_0028.wav|चित्र दहा: दहा आज्ञा जे दहा आज्ञा परमेश्वरानं मोशेले दिल्या होत्या, ते खूप चांगले हाय. जो कोणी त्याचं पालन करते, त्याले परमेश्वर आशीर्वाद देतो. हे परमेश्वराचे नियम हाय.  आमाले खऱ्या परमेश्वरावर प्रेम, आज्ञेचं पालन आणि आराधना केली पाहिजे. कोणीच मूर्ती बनू नका अन त्याच्यासमोर झुकू नका. विनाकारण देवाचं नाव घेऊ नका.
varhadi_0029.wav|हफ्त्यातून एक दिवस परमेश्वराच्या आराधनेसाठी एकडा ठेवा.लेकरायनं आपल्या मायबापाचं ऐकावं अन त्यांचा आदर करा.  हत्या करू नका. व्यभिचार करू नका. खोटं बोलू नका. कोनाले फसवू नका. चोरी करू नका. कोणा दुसऱ्या माणसाच्या वस्तूची लालूच धरू नका.
varhadi_0030.wav| चित्र अकरा: पापासाठी बली मुसाच्या वेळेस जो कोणी माणूस देवाच्या नियमाले नाही मानत, तवा त्याले परमेश्वरासाठी एका बकऱ्याची बली द्यावा लागत होती. बकऱ्याचं मरण ज्या माणसाच्या जागी होत होती, जेन त्या नियमाले नाही मानलं. हे इस्राईलच्या लोकानले आठवण करून देत होतं की ते परमेश्वराच्या विरुद्ध पाप करतेत, जवा ते त्या नियमाले नाही मानत.
varhadi_0031.wav|बकरा हे एक चिन्ह होतं त्या महान बलिदानाचा जे भविष्यात येणारं होतं.परमेश्वरानं ही योजना केली होती की तो त्याचा पोरगा येसुले ह्या संसारात एका बलिदानाच्या रूपात पाठवन.
varhadi_0032.wav|चित्र बारा: एक वचन देणारा मसीहा लय वर्षानंतर एक स्वर्गदूत एका तरुण कुवारीपाशी आला, तिचं नाव होतं मरिया. मरियमचा साखरपुडा एका युसुफ नावाच्या माणसासोबत झालं. त्या स्वर्गदूतानं मरियमले म्हटलं, "तू न परमेश्वराच्या नजरेस अनुग्रह प्राप्त केला हाय. तू एका पोरले जनशीन अन त्याचं नाव तू येसू ठेव."
varhadi_0033.wav|मरियमनं विचारलं, "हे कसं व्हईन? मी त अनकीन कुवारी हाय." स्वर्गदूतानं तिले म्हटलं, "पवित्र आत्मा त्यावरीन, ज्याच्यामुळे त्या पवित्र माणसाचं जन्म व्हईन, अन त्याले लोकं परमेश्वराच्या पोरासारखं जानन."  अन तोच स्वर्गदूत युसुफाच्या स्वप्नात पण आला. स्वर्गदूतानं योसेफाले म्हटलं, "तू मरियमसोबत लगीन करायले भिऊ नको, काऊन की ते पवित्र आत्म्याच्या द्वारे गरोदर झाली. ते एका पोरले जन्म दीन, त्याचं नाव तू येसू ठेव."
varhadi_0034.wav|येसूचं मतलब रक्षक. युसुफानं मरियमले आपल्या बायकोच्या रूपात स्वीकारलं, अन तो तिच्यासोबत तोपर्यंत झोपला नाही, जवापर्यंत येसूचा जन्म नाही झाला.
varhadi_0035.wav|चित्र तेरा: प्रभू येसूचा जन्म त्या वेळेस राजानं अशा प्रकारे राजानं साऱ्या लोकाले हुकूम दिल्ं की ते आपापल्या पुरुजाच्या गावाले जाऊन स्वतःचं नाव लिहावं. मरियम आणि योसेफले पण बेथलेमले जा लागलं. जवा ते बेथलेमात पोचले, त त्यानले कुठंच राहिले जागा नाही भेटली. ह्यामुळे त्यानले एका जनावराच्या गोठ्यात राहा लागलं.
varhadi_0036.wav|हेच ते जागा होती ज्या ठिकाणी मरियमनं येसुले जन्म दिल्ं.  त्याच रात्री स्वर्गदूत काही मेंढपाळासोबत प्रगट होतो, ते आपल्या मेंढराची राखणदारी करत होते. स्वर्गदूत त्यांच्यासमोर प्रगट होतो आणि म्हणतो, "मी तुमच्यासाठी एक चांगली गोष्टी आणली हाय, की ते साऱ्या लोकाईसाठी हाय. आज एक रक्षा करण्या वाल्यानं जन्म घेतला हाय, जो येसू प्रभू हाय." एका दमात आकाशात लय सारे स्वर्गदूत जमा होते, अन ते जमा होतात अन परमेश्वराची आराधना करायले लागतात.
varhadi_0037.wav|मेंढपाळ एकमेकासोबत बोलत राहतेत, "या, आपण बेथलेमात जाऊ अन काय झालं ते पाहू." जवा त्यानं येसुले पाहिलं, अन त्यानं साऱ्या लोकाले ही गोष्ट सांगितली जे त्यानं प्रभू येसूच्या बाऱ्यामध्ये ऐकलं. जवा त्यानं ह्या साऱ्या गोष्टीले ऐकलं, तवा ते लोकं हैराण झाले.
varhadi_0038.wav|चित्र चौदा: येसू एका शिक्षकासारखा येसूचं पालनपोषण योसेफाच्या घरी झालं. जवा तो बारा वर्षाचा झाला, तवा मरियम आणि योसेफानं त्याले यरुशलेमच्या मंदिरात घेऊन गेले. तिथं त्यानं परमेश्वराच्या विषयी गोष्ट केली, धर्मगुरू आणि लोकांच्या सेवकासोबत. तो त्यांच्या गोष्टीले ऐकत होता आणि लय प्रकारचे प्रश्न विचारत होता.
varhadi_0039.wav|ते लोकं प्रभू येसू मसीच्या तोंडातून निघालेल्या परमेश्वराच्या महान गोष्टी ऐकून ते हैराण झाले.  जवा येसू तीस वर्षाचा झाला, तवा त्यानं लोकाले शिकवणं सुरू केलं. लय लोकानं त्याच्या शिकवण्यावर विश्वास ठेवला अन त्याचं पालन करणं सुरू केलं. पण दुसऱ्या लोकानं त्याच्या गोष्टीवर विश्वास नाही ठेवलं अन त्याचा विरोध करायले सुरुवात केली.
varhadi_0040.wav|चित्र पंधरा: प्रभू येसूचे चमत्कार येसूच्या जवळ परमेश्वराची महान शक्ती होती. त्यानं लय चमत्कार केले. त्यानं बिमाराले बरं केलं, अन आंधळ्याले दिसायला लागलं. त्यानं मेलेल्या लोकाले डबल जिवंत केलं. त्यानं तुफानावर आपला अधिकार दाखवला अन पाण्यावर चालला.
varhadi_0041.wav|जवा लोकानं त्याच्या चमत्काराले पाहिलं, तवा लय साऱ्या लोकानं त्याच्यावर विश्वास केला अन हे म्हटलं की हा परमेश्वराकडून आला हाय. ते लोक हैराण होते प्रभू येसू मसीच्या मुळे केलेल्या कामापासून व ऐकलेल्या गोष्टीपासून. येसूपाशी शक्ती हाय आपले पण मदत करायले.
varhadi_0042.wav|चित्र सोळा: त्रास प्रभू येसू मसीचे प्रभू येसू मसीनं लय चांगले काम केले अन लय सारे लोकं त्याच्याप्रमाणे चालले. त्यानं लय लोकायची मदत केली अन कितीतरी लोकाले परमेश्वराच्या खऱ्या रस्त्यावर त्यानं चालवलं. प्रभू येसू मसी ह्या संसारात याच्यासाठी आला, तो परमेश्वराच्या प्रेमाले लोकाले दाखवन.
varhadi_0043.wav|अन वाईट कामात अन पापात फसलेल्या लोकाले परमेश्वराजवळ वापस घेऊन यायसाठी. परंतु धर्मगुरू त्याच्यावर जळत होते, काऊन की त्यांचं मन गोट्यासारखं होतं. अन ते ह्या गोष्टीवर विश्वास ठेवत नव्हते की प्रभू येसू मसी परमेश्वराकडून पाठवलेला हाय. ते ह्या गोष्टी कबूल करत नव्हते अन त्यानं देवाचं नियम तोडलं अन ते पापी हाय.
varhadi_0044.wav|त्या सेवकांना येसू मसीच्या विषयी खोटं बोलून त्याले पकडायला लावलं.  शिपायानं त्याले फटके मारले अन त्यानं त्याच्या डोक्यावर काट्याचं मुकुट ठेवलं अन त्याची मजा उडू लागले. हे ध्यानात ठेवा की येसू मसी देवाचा पोरगा होय. त्याच्याजवळ ते शक्ती हाय की त्या लोकानले तो सत्यानाश करन. पण त्यानं त्यानले थांबवलं नाही, काऊन की त्याले माहीत होतं की हे परमेश्वराची योजना हाय.
varhadi_0045.wav|चित्र सतरा: प्रभू येसू मसीले क्रुसावर चढवणं सैनिकांना प्रभू येसू मसीले लाकडाच्या क्रुसावर खिळ्यात लटकवलं, अन त्याले तसंच सोडलं जोपर्यंत तो मरत नाही. त्या वेळेस अशी पद्धत होती की जो कोणी नियमाले तोडतेत अन त्याले अशाच प्रकारचं भयानक मरण भेटते. दोन अपराध्याले येसू मसीच्या जवळच क्रुसावर चढवल्या गेलं होतं.
varhadi_0046.wav|पण प्रभू येसू मसी गुन्हेगार नव्हता. त्यानं काही पण चुकीचं काम नाही केलं.  प्रभू येसू मसीनं आपल्या शिक्षेले स्वतःवर घेतलं. आपण साऱ्यानं पाप केलं हाय अन आपल्या साऱ्याले मरणच हाय आपल्या पापामुळे. पण प्रभू येसू मसीनं आपल्या पापासाठी त्यानं स्वतःले बली करून दिल्ं. जर आपण लोकं हे कबूल करू की आपण पापी हाव, अन जर परमेश्वराच्या इकडे आलो अन त्याले माफी मागतली, तर तो आपले माफ करन. प्रभू येसू मसीवर विश्वास ठेवा, तरच तुम्ही वाचान.
varhadi_0047.wav|चित्र अठरा: डबल जिवंत होणं येसूच्या दुश्मनाईनं अशा प्रकारे विचार केला की त्यानं त्याले नाश करून टाकलं, पण असं झालं नाही. प्रभू येसू क्रुसावर मेल्यानंतर, त्याच्या दोस्तईनं त्याच्या शरीराले एका गुफ्यात ठेवलं, अन त्या गुफ्याच्या दरवाजावर एक मोठा गोटा ठेवला. दोन दिवसाच्या नंतर, तिसऱ्या दिवशी येसू मसी डबल जिवंत झाला.  काही बाया त्या गुफेजवळ गेल्या, काऊन की गाडण्याच्या पद्धतीले पूर्ण करावं म्हणून.
varhadi_0048.wav|त्यानं त्या गोट्याले गुफ्याच्या दरवाजापासून सरकलेलं पाहिलं अन पाहिलं की प्रभू येसू मसीचं शरीर तिथे नाही हाय. अन दोन स्वर्गदूत त्यांच्यासमोर प्रगट झाले आणि त्यानं त्याले म्हटलं, "येसू जिता हाय." त्यानं म्हटलं, "तो इथं नाही हाय. तो जिता झाला हाय. हा, येसू जिता झाला हाय मेल्यातून. तो खरंच परमेश्वर हाय."  येसू जिवंत हाय. त्यानं शैतानावर आणि मरणावर विजय मिळवला हाय.
varhadi_0049.wav|चित्र एकोणीस: थोमाचं विश्वास करणं प्रभू येसू डबल जिता झाल्यानंतर, तो आपल्या चेल्यासमोर प्रगट झाला. तो त्याच्यासोबत बोलला अन त्याच्यासोबत जेवला पण. एक चेला ज्याचं नाव थोमा होतं, तो त्या वेळेस त्याच्यासोबत नव्हता. त्यानं त्या गोष्टीवर विश्वास नाही ठेवलं की प्रभू येसू मसी डबल जिता झाला हाय. त्यानं असं म्हटलं की जवापर्यंत मी प्रभू येसू मसीच्या हातात लागलेल्या जखमेले नाही पायन अन त्याले स्पर्श नाही करन, तवापर्यंत मी ह्या गोष्टीवर विश्वास नाही ठेवन की येसू मसी मेल्यातून डबल जिता झाला हाय.
varhadi_0050.wav|एका हफ्त्यानंतर येसू मसी डबल आपल्या चेल्यासमोर प्रगट झाला, तवा तिथं थोमा पण होता. जसं की तुम्ही ह्या चित्रात पाहू शकता, थोमा प्रभू येसू मसीच्या पायावर पडला आणि म्हणायला लागला, "माय प्रभू, माय परमेश्वर." अन मग कधीच थोमानं शक नाही केलं प्रभू येसू मसीच्या डबल जिवंत झाल्यावर.  येसूनं त्याले म्हटलं, "तूनं मायेवर विश्वास ठेवला की तूनं मले पाहिला हाय. पण धन्य हाय ते लोकं जे मले नाही पाहिल्यावर पण विश्वास ठेवतीन."
varhadi_0051.wav|चित्र वीस: स्वर्गात जाणं प्रभू येसू मसी मेल्यातून जिता झाल्यावर, तो लय लोकायसमोर प्रगट झाला. चाळीस दिवसानंतर प्रभू येसू मसीची स्वर्गात जायची वेळ आली, काऊन की जे काम करायले ह्या संसारात तो आला होता, ते त्यानं करून टाकलं होतं. मग प्रभू येसू मसीनं आपल्या चेल्याले म्हटलं, "जा, साऱ्या देशात चेल्याले बनवा, अन त्यानले साऱ्या गोष्टी जे मी तुमाले शिकवल्या, पालन करणं शिकवा."  ज्याप्रमाणं चेले त्याले पाहत होते, प्रभू येसू मसी धरतीले सोडून आकाशात जायले लागला
varhadi_0052.wav|अन हळूहळू ढगात गायब झाला. अन त्याच्याच नंतर दोन स्वर्गदूत तिथं प्रगट झाले. त्यानं चेल्याले असं म्हटलं, "जसं येसुले तुम्ही स्वर्गात जातांनी पाहत हाय, एक दीस येसू वापस तसंच डबल ह्या संसारात येईन."  येसू मसी आता स्वर्गात हाय, अन तो तिथं त्या लोकासाठी जागा तयार करत हाय जे प्रभू येसू मसीचं अनुसरण करते. काय तुम्ही प्रभू येसू मसीवर विश्वास अन त्याचं अनुसरण करान काय? काय तुम्ही तयार हाय त्याले भेटायले, जवा तो वापस येईन?
varhadi_0053.wav|चित्र एकवीस: खाली क्रूस येसू मसी क्रुसावर काऊन मेला? प्रभू येसू मसी अशासाठी मेला की पापी लोक त्याच्या शिक्षेपासून वाचवले जावे. येसू मसीनं कधी पाप नाही केलं. क्रूस आमाले हे आठवण करून देते की तो याच्यासाठी मेला की त्या पापाले आमच्यापासून दूर करावं, ज्यामुळे आपण परमेश्वरापासून दूर होतो.  येसू पवित्र आणि पापापासून अलग होता.
varhadi_0054.wav|चित्र बावीस: दोन रस्ते प्रभू येसूनं सार्वकालिक जीवनाविषयी शिकवलं. हरेक जण पापाच्या मोठ्या रस्त्यापासून सुरुवात करते, कारण की आपल्या साऱ्यामध्ये पापाचा स्वभाव हाय, जो आमाले आदमापासून भेटलेला हाय. लहान रस्ता आमाले स्वर्गाच्या सार्वकालिक जीवनाकडे घेऊन जाते जे परमेश्वराकडून हाय.  येसूनं म्हटलं की आपले मोठ्या रस्त्याले सोडून लहान रस्त्यानं आपले चाललं पाहिजे. आपण पाहू शकतो ह्या चित्रामध्ये की एका क्रुसाले एका लहान रस्त्यावर ठेवलं हाय. आम्ही त्या रस्त्यावर जवा जातो, जवा आपण आपल्या पापाची कबुली करतो, अन आपल्या पापाले मागं सोडून येसू मसीच्या मरणावर विश्वास करतो. कितीतरी सारे लोकं आपल्या पापाच्या जीवनाले सोडायला तयार नसते.
varhadi_0055.wav|स्वर्गाचा रस्ता त्यांच्यासाठी लहान हाय. ते त्या मोठ्या रस्त्यावर तवापर्यंत चालत राहतेत जवापर्यंत ते नाश होऊन नरकात नाही जात.  तुम्ही कोणता रस्ता निवडता? तुम्ही आत्ताच परमेश्वरासोबत काऊन बोलत नाही? तुम्ही त्याले म्हणा, "प्रभू येसू मसी, तू महान आणि पवित्र हाय. अन मी हे कबूल करतो, मी पापी हाय. मी प्रभू येसू मसीच्या मरणावर विश्वास करतो. मी विश्वास करतो की त्याने माया शिक्षेले स्वतःवर घेतलं. कृपा करून मले माफ कर. मले माया पापातून शुद्ध कर, अन मले त्या पोरासारखा बनव. मले त्या गोष्टीचं पालन करायचं हाय. मले त्या रस्त्यावर चालायचं हाय अन जगायचं हाय जे प्रभू येसू मसी आपले दाखवते. जवा मी मरन, तवा मले स्वर्गात जायचं हाय. धन्यवाद प्रभू."
varhadi_0056.wav|चित्र तेवीस: परमेश्वराचे लेकरं ह्या चित्रामध्ये तुम्ही पाहू शकता येसुले, तो संसाराच्या हरेक राज्यात अन हरेक देशातल्या सर्व भाषा अन सर्व धर्माच्या लोकांचं तो स्वागत करत हाय. ते त्याच्यावर विश्वास ठेवत आहेत अन ते देवाचे लेकरं झाले हाय. ते त्या लहान रस्त्यावर हाय जे स्वर्गात घेऊन जाते.
varhadi_0057.wav|परमेश्वराचे लेकरं एका मोठ्या परिवारासारखे हायेत. त्यातले काही एक अमीर राहू शकते अन काही गरीब राहू शकतेत. कोणी काळे राहू शकतेत, कोणी गोरे राहू शकतेत. ते माणसं राहू शकतेत, बाया राहू शकतेत आणि लेकरं पण राहू शकतेत. ते सारे येसू मसीच्या द्वारे एकत्र आणले गेले हायेत.
varhadi_0058.wav|चित्र चोवीस: पुन्हा जन्म घेणं जवा प्रभू येसू मसी ह्या धरतीवर होता, त्या एडी खूपच खास धर्मगुरू होता ज्याचं नाव निकदेम होतं. एका रात्री तो प्रभू येसू मसीच्या जवळ गेला काही प्रश्नानले विचाराले. प्रभू येसू मसीनं त्याले लय सारे हैराण करणाऱ्या गोष्टी सांगितल्या.  त्यानं असं म्हटलं, "जर कोणी परमेश्वराच्या घरचा सदस्य बनाचं असन तर त्याले डबल जन्म घ्या लागन."
varhadi_0059.wav|आम्ही परमेश्वराच्या परिवारात त्या वेळेस जातो जवा आपण डबल जन्म घेतो. पहिले शरीरानं जन्म घेणं, नंतर आत्म्यानं जन्म घेणं. आत्म्यानं जन्म घेतल्यानंतर पवित्र आत्मा आपले एक नवीन जीवन देते. हे जीवन प्रभू येसू मसीवर विश्वास केल्यावर आपले भेटते. आपण नवे लोकं बनतो, परमेश्वराचे लोकं.
varhadi_0060.wav|चित्र पंचवीस: पवित्र आत्म्याचं येणं प्रभू येसू मसीचं स्वर्गात जाण्याच्या पहिले, येसू मसीनं आपल्या चेल्याले असं वचन दिलं होतं की तो त्याच्या मदतीसाठी पवित्र आत्म्याले पाठवन. प्रभू येसू मसीच्या स्वर्गात जायच्या दहा दिवसानंतर त्याचे सारे चेले एका जागी जमा झाले. तुम्ही चित्रात पाहू शकता, एका तुफानासारखा मोठा आवाज आला. आगेसारखी जीभ साऱ्या चेल्यावर येत होती. पवित्र आत्मा आला अन त्या साऱ्याले भरलं, जसं प्रभू येसूनं म्हटलं होतं.
varhadi_0061.wav|त्या दिवशी साऱ्या जगातून येरुशलेमेत लोकं जमा झाले होते. चेल्याईनं त्या लोकांच्या भाषेत बोलण्याची शक्ती मिळवली होती. अन त्याईनं परमेश्वराच्या महान अन अद्भुत कार्याले त्याले सांगितलं. तीन हजार लोकं त्या दिवशी येसूमध्ये आले. आत्ता पण पवित्र आत्मा त्या लोकायीमध्ये राहते जे परमेश्वराचं खरंच पालन करते. पवित्र आत्मा शक्ती देते त्या लोकानले की ते येसूच्या आज्ञेचं पालन करन अन दुसऱ्या लोकाले प्रभू येसू मसीच्या बारेमध्ये सांगन.
varhadi_0062.wav|चित्र सव्वीस: उजेडात चालणं आपण ह्या चित्रात पाहू शकतो की एक माणूस प्रभू येसू मसीवर विश्वास ठेवत नाही, तो अंधारात चालतो अन तो हमेशा ठोकर खाऊन पडते, काऊन की त्याच्यापाशी उजेड नाही, ज्यापासून तो ध्यान देऊन चालू शकन.  जवा आपण प्रभू येसू मसीवर विश्वास ठेवतो अन त्याच्या रस्त्यावर चालतो, तवा आम्ही त्या माणसासारखे बनतो जे उजेडात चालतात.
varhadi_0063.wav|त्याले माहीत हाय कुठं खड्डा हाय, कुठं ठोकर लागू शकते, अन ते साऱ्या गोष्टीपासून वाचून खऱ्या रस्त्यावर आरामानं चालतात. येसूनं म्हटलं, "मी संसाराचा प्रकाश हाय. जर माय कोणी अनुसरण करन, तर तो अंधारात चालणार नाही." तो आपला पवित्र आत्मा साऱ्या विश्वास करणाऱ्याले देते, काऊन की पवित्र आत्मा साऱ्या विश्वास करण्या राह्यले चांगल्या मार्गावर घेऊन जाईन.
varhadi_0064.wav|चित्र सत्तावीस: एक नवा माणूस हरेक माणूस जो कोणी प्रभू येसू मसीवर विश्वास ठेवते, तो एक नवा माणूस बनते. त्याची इच्छा असते परमेश्वराच्या वचनाचं पालन करायची. तो परमेश्वराच्या वचनाले धन्यवाद म्हणते, काऊन की परमेश्वरानं त्याच्या पापाची माफी केली अन त्याले नवीन जीवन दिल्ं.
varhadi_0065.wav| तो परमेश्वराले कधी दुःखी करायले पाहत नाही. जो प्रभू येसू मसीवर विश्वास ठेवते, ते व्यभिचार आणि मारामारी नाही करत. ते चोऱ्या आणि मूर्तिपूजा नाही करत.  पवित्र आत्मा साऱ्या विश्वासणाऱ्याले सामर्थ्य देते की ते आपल्या वाईट कामाले सोडून चांगले कामं करायले पाहावं.
varhadi_0066.wav|चित्र अठ्ठावीस: एक ख्रिस्ती परिवार जवा एक परिवार खरोखर प्रभू येसूच्या रस्त्यावर चालतो, तवा त्या परिवारात नवरा आपल्या बायकोले प्रेम करते अन बायको आपल्या नवऱ्याची इज्जत करते. हेच परमेश्वराचं वचन शिकवते. नवरा अन बायको एकमेकाले उत्साहित करत राहतेत, अन आपल्या लेकराले परमेश्वरावर प्रेम करायले अन त्याच्या वचनाचं पालन करायले शिकवते. जो परिवार परमेश्वराची इज्जत करते, थे प्रार्थना आणि काम एकसाथ खुशीनं करते.
varhadi_0067.wav|चित्र एकोणतीस: आपल्या दुश्मनावर पण प्रेम करणं येसूनं पण आपल्या चेल्याले हेच शिकवलं की ते साऱ्या लोकांवर प्रेम करावं, इथपर्यंत की आपल्या दुश्मनावर पण प्रेम करावं. प्रभू येसूनं एक वेळा एका माणसाची गोष्ट सांगतली, तो एका प्रवासात होता. प्रवासाच्या मधात डाकूनं त्याच्यावर हमला केला अन डाकूनं त्याले लय मारलं.  एका माणसानं, की जो दुसऱ्या समाजाचा होता, त्या माणसाले पाहिलं ज्याच्यावर डाकूंचा हमला झालं. त्या दुसऱ्या समाजाच्या माणसानं त्या जखमेनं भरलेल्या माणसाच्या जखमावर पट्ट्या बांधल्या
varhadi_0068.wav|अन त्याले आपल्या गध्यावर बसवून एका सराईत नेलं अन त्याची काळजी घेतली. त्यानं आपल्या खिशातले सराईच्या मालकाले काही पैसे दिले, काऊन की तो जखमेनं भरलेल्या माणसाची चांगली काळजी घेईन. प्रभू येसू मसीनं म्हटलं की आपले पण हरेक गरजू माणसाची मदत केली पाहिजे अन त्याच्यावर प्रेम केलं पाहिजे, कोणत्याही समाजाचा किंवा जातीचा का नसो.
